{"decisionVariables":{"names":["H2/CO2 mole ratio","Reactor Temperature","Reactor length","Reactor L/D ratio","Power working fluid"],"units":["","C","m","",""],"values":[[4.03470737,369.326337,2.367184294,7.428018658,"water"],[4.03470737,369.326337,2.367184294,7.428018658,"water"],[4.086493496,394.3407239,2.807400245,9.602273261,"cyclopentane"],[4.086493496,394.3407239,2.807400245,9.602273261,"cyclopentane"],[4.339835267,355.6039273,3.719892973,7.173578896,"water"],[4.462105143,332.160917,3.399116017,5.790826811,"cyclopentane"],[4.462105143,332.160917,3.399116017,5.790826811,"cyclopentane"],[4.151059744,363.3407489,5.649053691,9.721281836,"water"],[4.400552767,355.7108037,3.414893117,4.637686395,"cyclopentane"],[4.325817208,372.6467127,5.84102356,9.722821134,"water"],[4.325817208,372.6467127,5.84102356,9.722821134,"water"],[4.522928552,320.1433691,7.053416514,8.81168317,"cyclopentane"],[4.35254005,305.3714363,8.564325923,8.443607734,"cyclopentane"],[4.238976764,295.5574807,6.305429183,4.699101995,"cyclopentane"],[4.238976764,295.5574807,6.305429183,4.699101995,"cyclopentane"],[4.512895677,301.8990628,12.42685105,9.635836705,"cyclopentane"],[4.512895677,301.8990628,12.42685105,9.635836705,"cyclopentane"],[4.016301783,295.6946944,16.03217037,8.367951156,"cyclopentane"]]},"objectives":{"names":["Storage efficiency","Climate change","Levelized cost of SNG"],"units":["LHV/Electricity","kg CO2-eq./Nm3","€/Nm3"],"values":[[54.90742324,1.644380711,1.695134125],[54.90742324,1.644380711,1.695134125],[55.46077066,1.650485846,1.792605619],[55.46077066,1.650485846,1.792605619],[58.162772,1.107445038,1.892810364],[58.28423193,1.167834865,2.156099289],[58.28423193,1.167834865,2.156099289],[58.19236606,1.131976624,2.69936672],[58.32855391,1.186412132,2.73152462],[58.26612527,1.145406775,2.843830258],[58.26612527,1.145406775,2.843830258],[58.35914866,1.218071377,4.655325388],[58.36377934,1.294233998,7.729099306],[58.36589574,1.333562491,9.514681825],[58.36589574,1.333562491,9.514681825],[58.37854211,1.438312338,14.5413056],[58.37854211,1.438312338,14.5413056],[58.54357593,1.953511281,36.13753565]]}}